index,chapter_anchor,chapter_label,chapter_title,number,title,url,slug,filename
0001,Chapter1,Chapter 1,C++ Basics,1.1,Statements and the structure of a program,https://www.learncpp.com/cpp-tutorial/statements-and-the-structure-of-a-program/,statements-and-the-structure-of-a-program,0001---1.1---statements-and-the-structure-of-a-program.html
0002,Chapter1,Chapter 1,C++ Basics,1.2,Comments,https://www.learncpp.com/cpp-tutorial/comments/,comments,0002---1.2---comments.html
0003,Chapter1,Chapter 1,C++ Basics,1.3,Introduction to objects and variables,https://www.learncpp.com/cpp-tutorial/introduction-to-objects-and-variables/,introduction-to-objects-and-variables,0003---1.3---introduction-to-objects-and-variables.html
0004,Chapter1,Chapter 1,C++ Basics,1.4,Variable assignment and initialization,https://www.learncpp.com/cpp-tutorial/variable-assignment-and-initialization/,variable-assignment-and-initialization,0004---1.4---variable-assignment-and-initialization.html
0005,Chapter1,Chapter 1,C++ Basics,1.5,"Introduction to iostream: cout, cin, and endl",https://www.learncpp.com/cpp-tutorial/introduction-to-iostream-cout-cin-and-endl/,introduction-to-iostream-cout-cin-and-endl,0005---1.5---introduction-to-iostream-cout-cin-and-endl.html
0006,Chapter1,Chapter 1,C++ Basics,1.6,Uninitialized variables and undefined behavior,https://www.learncpp.com/cpp-tutorial/uninitialized-variables-and-undefined-behavior/,uninitialized-variables-and-undefined-behavior,0006---1.6---uninitialized-variables-and-undefined-behavior.html
0007,Chapter1,Chapter 1,C++ Basics,1.7,Keywords and naming identifiers,https://www.learncpp.com/cpp-tutorial/keywords-and-naming-identifiers/,keywords-and-naming-identifiers,0007---1.7---keywords-and-naming-identifiers.html
0008,Chapter1,Chapter 1,C++ Basics,1.8,Whitespace and basic formatting,https://www.learncpp.com/cpp-tutorial/whitespace-and-basic-formatting/,whitespace-and-basic-formatting,0008---1.8---whitespace-and-basic-formatting.html
0009,Chapter1,Chapter 1,C++ Basics,1.9,Introduction to literals and operators,https://www.learncpp.com/cpp-tutorial/introduction-to-literals-and-operators/,introduction-to-literals-and-operators,0009---1.9---introduction-to-literals-and-operators.html
0010,Chapter1,Chapter 1,C++ Basics,1.10,Introduction to expressions,https://www.learncpp.com/cpp-tutorial/introduction-to-expressions/,introduction-to-expressions,0010---1.10---introduction-to-expressions.html
0011,Chapter1,Chapter 1,C++ Basics,1.11,Developing your first program,https://www.learncpp.com/cpp-tutorial/developing-your-first-program/,developing-your-first-program,0011---1.11---developing-your-first-program.html
0012,Chapter1,Chapter 1,C++ Basics,1.x,Chapter 1 summary and quiz,https://www.learncpp.com/cpp-tutorial/chapter-1-summary-and-quiz/,chapter-1-summary-and-quiz,0012---1.x---chapter-1-summary-and-quiz.html
0013,Chapter2,Chapter 2,C++ Basics: Functions and Files,2.1,Introduction to functions,https://www.learncpp.com/cpp-tutorial/introduction-to-functions/,introduction-to-functions,0013---2.1---introduction-to-functions.html
0014,Chapter2,Chapter 2,C++ Basics: Functions and Files,2.2,Function return values (value-returning functions),https://www.learncpp.com/cpp-tutorial/function-return-values-value-returning-functions/,function-return-values-value-returning-functions,0014---2.2---function-return-values-value-returning-functions.html
0015,Chapter2,Chapter 2,C++ Basics: Functions and Files,2.3,Void functions (non-value returning functions),https://www.learncpp.com/cpp-tutorial/void-functions-non-value-returning-functions/,void-functions-non-value-returning-functions,0015---2.3---void-functions-non-value-returning-functions.html
0016,Chapter2,Chapter 2,C++ Basics: Functions and Files,2.4,Introduction to function parameters and arguments,https://www.learncpp.com/cpp-tutorial/introduction-to-function-parameters-and-arguments/,introduction-to-function-parameters-and-arguments,0016---2.4---introduction-to-function-parameters-and-arguments.html
0017,Chapter2,Chapter 2,C++ Basics: Functions and Files,2.5,Introduction to local scope,https://www.learncpp.com/cpp-tutorial/introduction-to-local-scope/,introduction-to-local-scope,0017---2.5---introduction-to-local-scope.html
0018,Chapter2,Chapter 2,C++ Basics: Functions and Files,2.6,"Why functions are useful, and how to use them effectively",https://www.learncpp.com/cpp-tutorial/why-functions-are-useful-and-how-to-use-them-effectively/,why-functions-are-useful-and-how-to-use-them-effectively,0018---2.6---why-functions-are-useful-and-how-to-use-them-effectively.html
0019,Chapter2,Chapter 2,C++ Basics: Functions and Files,2.7,Forward declarations and definitions,https://www.learncpp.com/cpp-tutorial/forward-declarations/,forward-declarations,0019---2.7---forward-declarations-and-definitions.html
0020,Chapter2,Chapter 2,C++ Basics: Functions and Files,2.8,Programs with multiple code files,https://www.learncpp.com/cpp-tutorial/programs-with-multiple-code-files/,programs-with-multiple-code-files,0020---2.8---programs-with-multiple-code-files.html
0021,Chapter2,Chapter 2,C++ Basics: Functions and Files,2.9,Naming collisions and an introduction to namespaces,https://www.learncpp.com/cpp-tutorial/naming-collisions-and-an-introduction-to-namespaces/,naming-collisions-and-an-introduction-to-namespaces,0021---2.9---naming-collisions-and-an-introduction-to-namespaces.html
0022,Chapter2,Chapter 2,C++ Basics: Functions and Files,2.10,Introduction to the preprocessor,https://www.learncpp.com/cpp-tutorial/introduction-to-the-preprocessor/,introduction-to-the-preprocessor,0022---2.10---introduction-to-the-preprocessor.html
0023,Chapter2,Chapter 2,C++ Basics: Functions and Files,2.11,Header files,https://www.learncpp.com/cpp-tutorial/header-files/,header-files,0023---2.11---header-files.html
0024,Chapter2,Chapter 2,C++ Basics: Functions and Files,2.12,Header guards,https://www.learncpp.com/cpp-tutorial/header-guards/,header-guards,0024---2.12---header-guards.html
0025,Chapter2,Chapter 2,C++ Basics: Functions and Files,2.13,How to design your first programs,https://www.learncpp.com/cpp-tutorial/how-to-design-your-first-programs/,how-to-design-your-first-programs,0025---2.13---how-to-design-your-first-programs.html
0026,Chapter2,Chapter 2,C++ Basics: Functions and Files,2.x,Chapter 2 summary and quiz,https://www.learncpp.com/cpp-tutorial/chapter-2-summary-and-quiz/,chapter-2-summary-and-quiz,0026---2.x---chapter-2-summary-and-quiz.html
0027,Chapter3,Chapter 3,Debugging C++ Programs,3.1,Syntax and semantic errors,https://www.learncpp.com/cpp-tutorial/syntax-and-semantic-errors/,syntax-and-semantic-errors,0027---3.1---syntax-and-semantic-errors.html
0028,Chapter3,Chapter 3,Debugging C++ Programs,3.2,The debugging process,https://www.learncpp.com/cpp-tutorial/the-debugging-process/,the-debugging-process,0028---3.2---the-debugging-process.html
0029,Chapter3,Chapter 3,Debugging C++ Programs,3.3,A strategy for debugging,https://www.learncpp.com/cpp-tutorial/a-strategy-for-debugging/,a-strategy-for-debugging,0029---3.3---a-strategy-for-debugging.html
0030,Chapter3,Chapter 3,Debugging C++ Programs,3.4,Basic debugging tactics,https://www.learncpp.com/cpp-tutorial/basic-debugging-tactics/,basic-debugging-tactics,0030---3.4---basic-debugging-tactics.html
0031,Chapter3,Chapter 3,Debugging C++ Programs,3.5,More debugging tactics,https://www.learncpp.com/cpp-tutorial/more-debugging-tactics/,more-debugging-tactics,0031---3.5---more-debugging-tactics.html
0032,Chapter3,Chapter 3,Debugging C++ Programs,3.6,Using an integrated debugger: Stepping,https://www.learncpp.com/cpp-tutorial/using-an-integrated-debugger-stepping/,using-an-integrated-debugger-stepping,0032---3.6---using-an-integrated-debugger-stepping.html
0033,Chapter3,Chapter 3,Debugging C++ Programs,3.7,Using an integrated debugger: Running and breakpoints,https://www.learncpp.com/cpp-tutorial/using-an-integrated-debugger-running-and-breakpoints/,using-an-integrated-debugger-running-and-breakpoints,0033---3.7---using-an-integrated-debugger-running-and-breakpoints.html
0034,Chapter3,Chapter 3,Debugging C++ Programs,3.8,Using an integrated debugger: Watching variables,https://www.learncpp.com/cpp-tutorial/using-an-integrated-debugger-watching-variables/,using-an-integrated-debugger-watching-variables,0034---3.8---using-an-integrated-debugger-watching-variables.html
0035,Chapter3,Chapter 3,Debugging C++ Programs,3.9,Using an integrated debugger: The call stack,https://www.learncpp.com/cpp-tutorial/using-an-integrated-debugger-the-call-stack/,using-an-integrated-debugger-the-call-stack,0035---3.9---using-an-integrated-debugger-the-call-stack.html
0036,Chapter3,Chapter 3,Debugging C++ Programs,3.10,Finding issues before they become problems,https://www.learncpp.com/cpp-tutorial/finding-issues-before-they-become-problems/,finding-issues-before-they-become-problems,0036---3.10---finding-issues-before-they-become-problems.html
0037,Chapter3,Chapter 3,Debugging C++ Programs,3.x,Chapter 3 summary and quiz,https://www.learncpp.com/cpp-tutorial/chapter-3-summary-and-quiz/,chapter-3-summary-and-quiz,0037---3.x---chapter-3-summary-and-quiz.html
0038,Chapter4,Chapter 4,Fundamental Data Types,4.1,Introduction to fundamental data types,https://www.learncpp.com/cpp-tutorial/introduction-to-fundamental-data-types/,introduction-to-fundamental-data-types,0038---4.1---introduction-to-fundamental-data-types.html
0039,Chapter4,Chapter 4,Fundamental Data Types,4.2,Void,https://www.learncpp.com/cpp-tutorial/void/,void,0039---4.2---void.html
0040,Chapter4,Chapter 4,Fundamental Data Types,4.3,Object sizes and the sizeof operator,https://www.learncpp.com/cpp-tutorial/object-sizes-and-the-sizeof-operator/,object-sizes-and-the-sizeof-operator,0040---4.3---object-sizes-and-the-sizeof-operator.html
0041,Chapter4,Chapter 4,Fundamental Data Types,4.4,Signed integers,https://www.learncpp.com/cpp-tutorial/signed-integers/,signed-integers,0041---4.4---signed-integers.html
0042,Chapter4,Chapter 4,Fundamental Data Types,4.5,"Unsigned integers, and why to avoid them",https://www.learncpp.com/cpp-tutorial/unsigned-integers-and-why-to-avoid-them/,unsigned-integers-and-why-to-avoid-them,0042---4.5---unsigned-integers-and-why-to-avoid-them.html
0043,Chapter4,Chapter 4,Fundamental Data Types,4.6,Fixed-width integers and size_t,https://www.learncpp.com/cpp-tutorial/fixed-width-integers-and-size-t/,fixed-width-integers-and-size-t,0043---4.6---fixed-width-integers-and-size-t.html
0044,Chapter4,Chapter 4,Fundamental Data Types,4.7,Introduction to scientific notation,https://www.learncpp.com/cpp-tutorial/introduction-to-scientific-notation/,introduction-to-scientific-notation,0044---4.7---introduction-to-scientific-notation.html
0045,Chapter4,Chapter 4,Fundamental Data Types,4.8,Floating point numbers,https://www.learncpp.com/cpp-tutorial/floating-point-numbers/,floating-point-numbers,0045---4.8---floating-point-numbers.html
0046,Chapter4,Chapter 4,Fundamental Data Types,4.9,Boolean values,https://www.learncpp.com/cpp-tutorial/boolean-values/,boolean-values,0046---4.9---boolean-values.html
0047,Chapter4,Chapter 4,Fundamental Data Types,4.10,Introduction to if statements,https://www.learncpp.com/cpp-tutorial/introduction-to-if-statements/,introduction-to-if-statements,0047---4.10---introduction-to-if-statements.html
0048,Chapter4,Chapter 4,Fundamental Data Types,4.11,Chars,https://www.learncpp.com/cpp-tutorial/chars/,chars,0048---4.11---chars.html
0049,Chapter4,Chapter 4,Fundamental Data Types,4.12,Introduction to type conversion and static_cast,https://www.learncpp.com/cpp-tutorial/introduction-to-type-conversion-and-static_cast/,introduction-to-type-conversion-and-static_cast,0049---4.12---introduction-to-type-conversion-and-static-cast.html
0050,Chapter4,Chapter 4,Fundamental Data Types,4.x,Chapter 4 summary and quiz,https://www.learncpp.com/cpp-tutorial/chapter-4-summary-and-quiz/,chapter-4-summary-and-quiz,0050---4.x---chapter-4-summary-and-quiz.html
0051,Chapter5,Chapter 5,Constants and Strings,5.1,Constant variables (named constants),https://www.learncpp.com/cpp-tutorial/constant-variables-named-constants/,constant-variables-named-constants,0051---5.1---constant-variables-named-constants.html
0052,Chapter5,Chapter 5,Constants and Strings,5.2,Literals,https://www.learncpp.com/cpp-tutorial/literals/,literals,0052---5.2---literals.html
0053,Chapter5,Chapter 5,Constants and Strings,5.3,"Numeral systems (decimal, binary, hexadecimal, and octal)",https://www.learncpp.com/cpp-tutorial/numeral-systems-decimal-binary-hexadecimal-and-octal/,numeral-systems-decimal-binary-hexadecimal-and-octal,0053---5.3---numeral-systems-decimal-binary-hexadecimal-and-octal.html
0054,Chapter5,Chapter 5,Constants and Strings,5.4,The as-if rule and compile-time optimization,https://www.learncpp.com/cpp-tutorial/the-as-if-rule-and-compile-time-optimization/,the-as-if-rule-and-compile-time-optimization,0054---5.4---the-as-if-rule-and-compile-time-optimization.html
0055,Chapter5,Chapter 5,Constants and Strings,5.5,Constant expressions,https://www.learncpp.com/cpp-tutorial/constant-expressions/,constant-expressions,0055---5.5---constant-expressions.html
0056,Chapter5,Chapter 5,Constants and Strings,5.6,Constexpr variables,https://www.learncpp.com/cpp-tutorial/constexpr-variables/,constexpr-variables,0056---5.6---constexpr-variables.html
0057,Chapter5,Chapter 5,Constants and Strings,5.7,Introduction to std::string,https://www.learncpp.com/cpp-tutorial/introduction-to-stdstring/,introduction-to-stdstring,0057---5.7---introduction-to-std-string.html
0058,Chapter5,Chapter 5,Constants and Strings,5.8,Introduction to std::string_view,https://www.learncpp.com/cpp-tutorial/introduction-to-stdstring_view/,introduction-to-stdstring_view,0058---5.8---introduction-to-std-string-view.html
0059,Chapter5,Chapter 5,Constants and Strings,5.9,std::string_view (part 2),https://www.learncpp.com/cpp-tutorial/stdstring_view-part-2/,stdstring_view-part-2,0059---5.9---std-string-view-part-2.html
0060,Chapter5,Chapter 5,Constants and Strings,5.x,Chapter 5 summary and quiz,https://www.learncpp.com/cpp-tutorial/chapter-5-summary-and-quiz/,chapter-5-summary-and-quiz,0060---5.x---chapter-5-summary-and-quiz.html
0061,Chapter6,Chapter 6,Operators,6.1,Operator precedence and associativity,https://www.learncpp.com/cpp-tutorial/operator-precedence-and-associativity/,operator-precedence-and-associativity,0061---6.1---operator-precedence-and-associativity.html
0062,Chapter6,Chapter 6,Operators,6.2,Arithmetic operators,https://www.learncpp.com/cpp-tutorial/arithmetic-operators/,arithmetic-operators,0062---6.2---arithmetic-operators.html
0063,Chapter6,Chapter 6,Operators,6.3,Remainder and Exponentiation,https://www.learncpp.com/cpp-tutorial/remainder-and-exponentiation/,remainder-and-exponentiation,0063---6.3---remainder-and-exponentiation.html
0064,Chapter6,Chapter 6,Operators,6.4,"Increment-decrement operators, and side effects",https://www.learncpp.com/cpp-tutorial/increment-decrement-operators-and-side-effects/,increment-decrement-operators-and-side-effects,0064---6.4---increment-decrement-operators-and-side-effects.html
0065,Chapter6,Chapter 6,Operators,6.5,The comma operator,https://www.learncpp.com/cpp-tutorial/the-comma-operator/,the-comma-operator,0065---6.5---the-comma-operator.html
0066,Chapter6,Chapter 6,Operators,6.6,The conditional operator,https://www.learncpp.com/cpp-tutorial/the-conditional-operator/,the-conditional-operator,0066---6.6---the-conditional-operator.html
0067,Chapter6,Chapter 6,Operators,6.7,Relational operators and floating point comparisons,https://www.learncpp.com/cpp-tutorial/relational-operators-and-floating-point-comparisons/,relational-operators-and-floating-point-comparisons,0067---6.7---relational-operators-and-floating-point-comparisons.html
0068,Chapter6,Chapter 6,Operators,6.8,Logical operators,https://www.learncpp.com/cpp-tutorial/logical-operators/,logical-operators,0068---6.8---logical-operators.html
0069,Chapter6,Chapter 6,Operators,6.x,Chapter 6 summary and quiz,https://www.learncpp.com/cpp-tutorial/chapter-6-summary-and-quiz/,chapter-6-summary-and-quiz,0069---6.x---chapter-6-summary-and-quiz.html
0070,ChapterO,Chapter O,Bit Manipulation (optional chapter),O.1,Bit flags and bit manipulation via std::bitset,https://www.learncpp.com/cpp-tutorial/bit-flags-and-bit-manipulation-via-stdbitset/,bit-flags-and-bit-manipulation-via-stdbitset,0070---O.1---bit-flags-and-bit-manipulation-via-std-bitset.html
0071,ChapterO,Chapter O,Bit Manipulation (optional chapter),O.2,Bitwise operators,https://www.learncpp.com/cpp-tutorial/bitwise-operators/,bitwise-operators,0071---O.2---bitwise-operators.html
0072,ChapterO,Chapter O,Bit Manipulation (optional chapter),O.3,Bit manipulation with bitwise operators and bit masks,https://www.learncpp.com/cpp-tutorial/bit-manipulation-with-bitwise-operators-and-bit-masks/,bit-manipulation-with-bitwise-operators-and-bit-masks,0072---O.3---bit-manipulation-with-bitwise-operators-and-bit-masks.html
0073,ChapterO,Chapter O,Bit Manipulation (optional chapter),O.4,Converting integers between binary and decimal representation,https://www.learncpp.com/cpp-tutorial/converting-integers-between-binary-and-decimal-representation/,converting-integers-between-binary-and-decimal-representation,0073---O.4---converting-integers-between-binary-and-decimal-representation.html
0074,Chapter7,Chapter 7,"Scope, Duration, and Linkage",7.1,Compound statements (blocks),https://www.learncpp.com/cpp-tutorial/compound-statements-blocks/,compound-statements-blocks,0074---7.1---compound-statements-blocks.html
0075,Chapter7,Chapter 7,"Scope, Duration, and Linkage",7.2,User-defined namespaces and the scope resolution operator,https://www.learncpp.com/cpp-tutorial/user-defined-namespaces-and-the-scope-resolution-operator/,user-defined-namespaces-and-the-scope-resolution-operator,0075---7.2---user-defined-namespaces-and-the-scope-resolution-operator.html
0076,Chapter7,Chapter 7,"Scope, Duration, and Linkage",7.3,Local variables,https://www.learncpp.com/cpp-tutorial/local-variables/,local-variables,0076---7.3---local-variables.html
0077,Chapter7,Chapter 7,"Scope, Duration, and Linkage",7.4,Introduction to global variables,https://www.learncpp.com/cpp-tutorial/introduction-to-global-variables/,introduction-to-global-variables,0077---7.4---introduction-to-global-variables.html
0078,Chapter7,Chapter 7,"Scope, Duration, and Linkage",7.5,Variable shadowing (name hiding),https://www.learncpp.com/cpp-tutorial/variable-shadowing-name-hiding/,variable-shadowing-name-hiding,0078---7.5---variable-shadowing-name-hiding.html
0079,Chapter7,Chapter 7,"Scope, Duration, and Linkage",7.6,Internal linkage,https://www.learncpp.com/cpp-tutorial/internal-linkage/,internal-linkage,0079---7.6---internal-linkage.html
0080,Chapter7,Chapter 7,"Scope, Duration, and Linkage",7.7,External linkage and variable forward declarations,https://www.learncpp.com/cpp-tutorial/external-linkage-and-variable-forward-declarations/,external-linkage-and-variable-forward-declarations,0080---7.7---external-linkage-and-variable-forward-declarations.html
0081,Chapter7,Chapter 7,"Scope, Duration, and Linkage",7.8,Why (non-const) global variables are evil,https://www.learncpp.com/cpp-tutorial/why-non-const-global-variables-are-evil/,why-non-const-global-variables-are-evil,0081---7.8---why-non-const-global-variables-are-evil.html
0082,Chapter7,Chapter 7,"Scope, Duration, and Linkage",7.9,Inline functions and variables,https://www.learncpp.com/cpp-tutorial/inline-functions-and-variables/,inline-functions-and-variables,0082---7.9---inline-functions-and-variables.html
0083,Chapter7,Chapter 7,"Scope, Duration, and Linkage",7.10,Sharing global constants across multiple files (using inline variables),https://www.learncpp.com/cpp-tutorial/sharing-global-constants-across-multiple-files-using-inline-variables/,sharing-global-constants-across-multiple-files-using-inline-variables,0083---7.10---sharing-global-constants-across-multiple-files-using-inline-variables.html
0084,Chapter7,Chapter 7,"Scope, Duration, and Linkage",7.11,Static local variables,https://www.learncpp.com/cpp-tutorial/static-local-variables/,static-local-variables,0084---7.11---static-local-variables.html
0085,Chapter7,Chapter 7,"Scope, Duration, and Linkage",7.12,"Scope, duration, and linkage summary",https://www.learncpp.com/cpp-tutorial/scope-duration-and-linkage-summary/,scope-duration-and-linkage-summary,0085---7.12---scope-duration-and-linkage-summary.html
0086,Chapter7,Chapter 7,"Scope, Duration, and Linkage",7.13,Using declarations and using directives,https://www.learncpp.com/cpp-tutorial/using-declarations-and-using-directives/,using-declarations-and-using-directives,0086---7.13---using-declarations-and-using-directives.html
0087,Chapter7,Chapter 7,"Scope, Duration, and Linkage",7.14,Unnamed and inline namespaces,https://www.learncpp.com/cpp-tutorial/unnamed-and-inline-namespaces/,unnamed-and-inline-namespaces,0087---7.14---unnamed-and-inline-namespaces.html
0088,Chapter7,Chapter 7,"Scope, Duration, and Linkage",7.x,Chapter 7 summary and quiz,https://www.learncpp.com/cpp-tutorial/chapter-7-summary-and-quiz/,chapter-7-summary-and-quiz,0088---7.x---chapter-7-summary-and-quiz.html
0089,Chapter8,Chapter 8,Control Flow,8.1,Control flow introduction,https://www.learncpp.com/cpp-tutorial/control-flow-introduction/,control-flow-introduction,0089---8.1---control-flow-introduction.html
0090,Chapter8,Chapter 8,Control Flow,8.2,If statements and blocks,https://www.learncpp.com/cpp-tutorial/if-statements-and-blocks/,if-statements-and-blocks,0090---8.2---if-statements-and-blocks.html
0091,Chapter8,Chapter 8,Control Flow,8.3,Common if statement problems,https://www.learncpp.com/cpp-tutorial/common-if-statement-problems/,common-if-statement-problems,0091---8.3---common-if-statement-problems.html
0092,Chapter8,Chapter 8,Control Flow,8.4,Constexpr if statements,https://www.learncpp.com/cpp-tutorial/constexpr-if-statements/,constexpr-if-statements,0092---8.4---constexpr-if-statements.html
0093,Chapter8,Chapter 8,Control Flow,8.5,Switch statement basics,https://www.learncpp.com/cpp-tutorial/switch-statement-basics/,switch-statement-basics,0093---8.5---switch-statement-basics.html
0094,Chapter8,Chapter 8,Control Flow,8.6,Switch fallthrough and scoping,https://www.learncpp.com/cpp-tutorial/switch-fallthrough-and-scoping/,switch-fallthrough-and-scoping,0094---8.6---switch-fallthrough-and-scoping.html
0095,Chapter8,Chapter 8,Control Flow,8.7,Goto statements,https://www.learncpp.com/cpp-tutorial/goto-statements/,goto-statements,0095---8.7---goto-statements.html
0096,Chapter8,Chapter 8,Control Flow,8.8,Introduction to loops and while statements,https://www.learncpp.com/cpp-tutorial/introduction-to-loops-and-while-statements/,introduction-to-loops-and-while-statements,0096---8.8---introduction-to-loops-and-while-statements.html
0097,Chapter8,Chapter 8,Control Flow,8.9,Do while statements,https://www.learncpp.com/cpp-tutorial/do-while-statements/,do-while-statements,0097---8.9---do-while-statements.html
0098,Chapter8,Chapter 8,Control Flow,8.10,For statements,https://www.learncpp.com/cpp-tutorial/for-statements/,for-statements,0098---8.10---for-statements.html
0099,Chapter8,Chapter 8,Control Flow,8.11,Break and continue,https://www.learncpp.com/cpp-tutorial/break-and-continue/,break-and-continue,0099---8.11---break-and-continue.html
0100,Chapter8,Chapter 8,Control Flow,8.12,Halts (exiting your program early),https://www.learncpp.com/cpp-tutorial/halts-exiting-your-program-early/,halts-exiting-your-program-early,0100---8.12---halts-exiting-your-program-early.html
0101,Chapter8,Chapter 8,Control Flow,8.13,Introduction to random number generation,https://www.learncpp.com/cpp-tutorial/introduction-to-random-number-generation/,introduction-to-random-number-generation,0101---8.13---introduction-to-random-number-generation.html
0102,Chapter8,Chapter 8,Control Flow,8.14,Generating random numbers using Mersenne Twister,https://www.learncpp.com/cpp-tutorial/generating-random-numbers-using-mersenne-twister/,generating-random-numbers-using-mersenne-twister,0102---8.14---generating-random-numbers-using-mersenne-twister.html
0103,Chapter8,Chapter 8,Control Flow,8.15,Global random numbers (Random.h),https://www.learncpp.com/cpp-tutorial/global-random-numbers-random-h/,global-random-numbers-random-h,0103---8.15---global-random-numbers-random-h.html
0104,Chapter8,Chapter 8,Control Flow,8.x,Chapter 8 summary and quiz,https://www.learncpp.com/cpp-tutorial/chapter-8-summary-and-quiz/,chapter-8-summary-and-quiz,0104---8.x---chapter-8-summary-and-quiz.html
0105,Chapter9,Chapter 9,Error Detection and Handling,9.1,Introduction to testing your code,https://www.learncpp.com/cpp-tutorial/introduction-to-testing-your-code/,introduction-to-testing-your-code,0105---9.1---introduction-to-testing-your-code.html
0106,Chapter9,Chapter 9,Error Detection and Handling,9.2,Code coverage,https://www.learncpp.com/cpp-tutorial/code-coverage/,code-coverage,0106---9.2---code-coverage.html
0107,Chapter9,Chapter 9,Error Detection and Handling,9.3,Common semantic errors in C++,https://www.learncpp.com/cpp-tutorial/common-semantic-errors-in-c/,common-semantic-errors-in-c,0107---9.3---common-semantic-errors-in-c.html
0108,Chapter9,Chapter 9,Error Detection and Handling,9.4,Detecting and handling errors,https://www.learncpp.com/cpp-tutorial/detecting-and-handling-errors/,detecting-and-handling-errors,0108---9.4---detecting-and-handling-errors.html
0109,Chapter9,Chapter 9,Error Detection and Handling,9.5,std::cin and handling invalid input,https://www.learncpp.com/cpp-tutorial/stdcin-and-handling-invalid-input/,stdcin-and-handling-invalid-input,0109---9.5---std-cin-and-handling-invalid-input.html
0110,Chapter9,Chapter 9,Error Detection and Handling,9.6,Assert and static_assert,https://www.learncpp.com/cpp-tutorial/assert-and-static_assert/,assert-and-static_assert,0110---9.6---assert-and-static-assert.html
0111,Chapter9,Chapter 9,Error Detection and Handling,9.x,Chapter 9 summary and quiz,https://www.learncpp.com/cpp-tutorial/chapter-9-summary-and-quiz/,chapter-9-summary-and-quiz,0111---9.x---chapter-9-summary-and-quiz.html
0112,Chapter10,Chapter 10,"Type Conversion, Type Aliases, and Type Deduction",10.1,Implicit type conversion,https://www.learncpp.com/cpp-tutorial/implicit-type-conversion/,implicit-type-conversion,0112---10.1---implicit-type-conversion.html
0113,Chapter10,Chapter 10,"Type Conversion, Type Aliases, and Type Deduction",10.2,Floating-point and integral promotion,https://www.learncpp.com/cpp-tutorial/floating-point-and-integral-promotion/,floating-point-and-integral-promotion,0113---10.2---floating-point-and-integral-promotion.html
0114,Chapter10,Chapter 10,"Type Conversion, Type Aliases, and Type Deduction",10.3,Numeric conversions,https://www.learncpp.com/cpp-tutorial/numeric-conversions/,numeric-conversions,0114---10.3---numeric-conversions.html
0115,Chapter10,Chapter 10,"Type Conversion, Type Aliases, and Type Deduction",10.4,"Narrowing conversions, list initialization, and constexpr initializers",https://www.learncpp.com/cpp-tutorial/narrowing-conversions-list-initialization-and-constexpr-initializers/,narrowing-conversions-list-initialization-and-constexpr-initializers,0115---10.4---narrowing-conversions-list-initialization-and-constexpr-initializers.html
0116,Chapter10,Chapter 10,"Type Conversion, Type Aliases, and Type Deduction",10.5,Arithmetic conversions,https://www.learncpp.com/cpp-tutorial/arithmetic-conversions/,arithmetic-conversions,0116---10.5---arithmetic-conversions.html
0117,Chapter10,Chapter 10,"Type Conversion, Type Aliases, and Type Deduction",10.6,Explicit type conversion (casting) and static_cast,https://www.learncpp.com/cpp-tutorial/explicit-type-conversion-casting-and-static-cast/,explicit-type-conversion-casting-and-static-cast,0117---10.6---explicit-type-conversion-casting-and-static-cast.html
0118,Chapter10,Chapter 10,"Type Conversion, Type Aliases, and Type Deduction",10.7,Typedefs and type aliases,https://www.learncpp.com/cpp-tutorial/typedefs-and-type-aliases/,typedefs-and-type-aliases,0118---10.7---typedefs-and-type-aliases.html
0119,Chapter10,Chapter 10,"Type Conversion, Type Aliases, and Type Deduction",10.8,Type deduction for objects using the auto keyword,https://www.learncpp.com/cpp-tutorial/type-deduction-for-objects-using-the-auto-keyword/,type-deduction-for-objects-using-the-auto-keyword,0119---10.8---type-deduction-for-objects-using-the-auto-keyword.html
0120,Chapter10,Chapter 10,"Type Conversion, Type Aliases, and Type Deduction",10.9,Type deduction for functions,https://www.learncpp.com/cpp-tutorial/type-deduction-for-functions/,type-deduction-for-functions,0120---10.9---type-deduction-for-functions.html
0121,Chapter10,Chapter 10,"Type Conversion, Type Aliases, and Type Deduction",10.x,Chapter 10 summary and quiz,https://www.learncpp.com/cpp-tutorial/chapter-10-summary-and-quiz/,chapter-10-summary-and-quiz,0121---10.x---chapter-10-summary-and-quiz.html
0122,Chapter11,Chapter 11,Function Overloading and Function Templates,11.1,Introduction to function overloading,https://www.learncpp.com/cpp-tutorial/introduction-to-function-overloading/,introduction-to-function-overloading,0122---11.1---introduction-to-function-overloading.html
0123,Chapter11,Chapter 11,Function Overloading and Function Templates,11.2,Function overload differentiation,https://www.learncpp.com/cpp-tutorial/function-overload-differentiation/,function-overload-differentiation,0123---11.2---function-overload-differentiation.html
0124,Chapter11,Chapter 11,Function Overloading and Function Templates,11.3,Function overload resolution and ambiguous matches,https://www.learncpp.com/cpp-tutorial/function-overload-resolution-and-ambiguous-matches/,function-overload-resolution-and-ambiguous-matches,0124---11.3---function-overload-resolution-and-ambiguous-matches.html
0125,Chapter11,Chapter 11,Function Overloading and Function Templates,11.4,Deleting functions,https://www.learncpp.com/cpp-tutorial/deleting-functions/,deleting-functions,0125---11.4---deleting-functions.html
0126,Chapter11,Chapter 11,Function Overloading and Function Templates,11.5,Default arguments,https://www.learncpp.com/cpp-tutorial/default-arguments/,default-arguments,0126---11.5---default-arguments.html
0127,Chapter11,Chapter 11,Function Overloading and Function Templates,11.6,Function templates,https://www.learncpp.com/cpp-tutorial/function-templates/,function-templates,0127---11.6---function-templates.html
0128,Chapter11,Chapter 11,Function Overloading and Function Templates,11.7,Function template instantiation,https://www.learncpp.com/cpp-tutorial/function-template-instantiation/,function-template-instantiation,0128---11.7---function-template-instantiation.html
0129,Chapter11,Chapter 11,Function Overloading and Function Templates,11.8,Function templates with multiple template types,https://www.learncpp.com/cpp-tutorial/function-templates-with-multiple-template-types/,function-templates-with-multiple-template-types,0129---11.8---function-templates-with-multiple-template-types.html
0130,Chapter11,Chapter 11,Function Overloading and Function Templates,11.9,Non-type template parameters,https://www.learncpp.com/cpp-tutorial/non-type-template-parameters/,non-type-template-parameters,0130---11.9---non-type-template-parameters.html
0131,Chapter11,Chapter 11,Function Overloading and Function Templates,11.10,Using function templates in multiple files,https://www.learncpp.com/cpp-tutorial/using-function-templates-in-multiple-files/,using-function-templates-in-multiple-files,0131---11.10---using-function-templates-in-multiple-files.html
0132,Chapter11,Chapter 11,Function Overloading and Function Templates,11.x,Chapter 11 summary and quiz,https://www.learncpp.com/cpp-tutorial/chapter-11-summary-and-quiz/,chapter-11-summary-and-quiz,0132---11.x---chapter-11-summary-and-quiz.html
0133,ChapterF,Chapter F,Constexpr functions,F.1,Constexpr functions,https://www.learncpp.com/cpp-tutorial/constexpr-functions/,constexpr-functions,0133---F.1---constexpr-functions.html
0134,ChapterF,Chapter F,Constexpr functions,F.2,Constexpr functions (part 2),https://www.learncpp.com/cpp-tutorial/constexpr-functions-part-2/,constexpr-functions-part-2,0134---F.2---constexpr-functions-part-2.html
0135,ChapterF,Chapter F,Constexpr functions,F.3,Constexpr functions (part 3) and consteval,https://www.learncpp.com/cpp-tutorial/constexpr-functions-part-3-and-consteval/,constexpr-functions-part-3-and-consteval,0135---F.3---constexpr-functions-part-3-and-consteval.html
0136,ChapterF,Chapter F,Constexpr functions,F.4,Constexpr functions (part 4),https://www.learncpp.com/cpp-tutorial/constexpr-functions-part-4/,constexpr-functions-part-4,0136---F.4---constexpr-functions-part-4.html
0137,ChapterF,Chapter F,Constexpr functions,F.X,Chapter F summary and quiz,https://www.learncpp.com/cpp-tutorial/chapter-f-summary-and-quiz/,chapter-f-summary-and-quiz,0137---F.X---chapter-f-summary-and-quiz.html
0138,Chapter12,Chapter 12,Compound Types: References and Pointers,12.1,Introduction to compound data types,https://www.learncpp.com/cpp-tutorial/introduction-to-compound-data-types/,introduction-to-compound-data-types,0138---12.1---introduction-to-compound-data-types.html
0139,Chapter12,Chapter 12,Compound Types: References and Pointers,12.2,Value categories (lvalues and rvalues),https://www.learncpp.com/cpp-tutorial/value-categories-lvalues-and-rvalues/,value-categories-lvalues-and-rvalues,0139---12.2---value-categories-lvalues-and-rvalues.html
0140,Chapter12,Chapter 12,Compound Types: References and Pointers,12.3,Lvalue references,https://www.learncpp.com/cpp-tutorial/lvalue-references/,lvalue-references,0140---12.3---lvalue-references.html
0141,Chapter12,Chapter 12,Compound Types: References and Pointers,12.4,Lvalue references to const,https://www.learncpp.com/cpp-tutorial/lvalue-references-to-const/,lvalue-references-to-const,0141---12.4---lvalue-references-to-const.html
0142,Chapter12,Chapter 12,Compound Types: References and Pointers,12.5,Pass by lvalue reference,https://www.learncpp.com/cpp-tutorial/pass-by-lvalue-reference/,pass-by-lvalue-reference,0142---12.5---pass-by-lvalue-reference.html
0143,Chapter12,Chapter 12,Compound Types: References and Pointers,12.6,Pass by const lvalue reference,https://www.learncpp.com/cpp-tutorial/pass-by-const-lvalue-reference/,pass-by-const-lvalue-reference,0143---12.6---pass-by-const-lvalue-reference.html
0144,Chapter12,Chapter 12,Compound Types: References and Pointers,12.7,Introduction to pointers,https://www.learncpp.com/cpp-tutorial/introduction-to-pointers/,introduction-to-pointers,0144---12.7---introduction-to-pointers.html
0145,Chapter12,Chapter 12,Compound Types: References and Pointers,12.8,Null pointers,https://www.learncpp.com/cpp-tutorial/null-pointers/,null-pointers,0145---12.8---null-pointers.html
0146,Chapter12,Chapter 12,Compound Types: References and Pointers,12.9,Pointers and const,https://www.learncpp.com/cpp-tutorial/pointers-and-const/,pointers-and-const,0146---12.9---pointers-and-const.html
0147,Chapter12,Chapter 12,Compound Types: References and Pointers,12.10,Pass by address,https://www.learncpp.com/cpp-tutorial/pass-by-address/,pass-by-address,0147---12.10---pass-by-address.html
0148,Chapter12,Chapter 12,Compound Types: References and Pointers,12.11,Pass by address (part 2),https://www.learncpp.com/cpp-tutorial/pass-by-address-part-2/,pass-by-address-part-2,0148---12.11---pass-by-address-part-2.html
0149,Chapter12,Chapter 12,Compound Types: References and Pointers,12.12,Return by reference and return by address,https://www.learncpp.com/cpp-tutorial/return-by-reference-and-return-by-address/,return-by-reference-and-return-by-address,0149---12.12---return-by-reference-and-return-by-address.html
0150,Chapter12,Chapter 12,Compound Types: References and Pointers,12.13,In and out parameters,https://www.learncpp.com/cpp-tutorial/in-and-out-parameters/,in-and-out-parameters,0150---12.13---in-and-out-parameters.html
0151,Chapter12,Chapter 12,Compound Types: References and Pointers,12.14,"Type deduction with pointers, references, and const",https://www.learncpp.com/cpp-tutorial/type-deduction-with-pointers-references-and-const/,type-deduction-with-pointers-references-and-const,0151---12.14---type-deduction-with-pointers-references-and-const.html
0152,Chapter12,Chapter 12,Compound Types: References and Pointers,12.15,std::optional,https://www.learncpp.com/cpp-tutorial/stdoptional/,stdoptional,0152---12.15---std-optional.html
0153,Chapter12,Chapter 12,Compound Types: References and Pointers,12.x,Chapter 12 summary and quiz,https://www.learncpp.com/cpp-tutorial/chapter-12-summary-and-quiz/,chapter-12-summary-and-quiz,0153---12.x---chapter-12-summary-and-quiz.html
0154,Chapter13,Chapter 13,Compound Types: Enums and Structs,13.1,Introduction to program-defined (user-defined) types,https://www.learncpp.com/cpp-tutorial/introduction-to-program-defined-user-defined-types/,introduction-to-program-defined-user-defined-types,0154---13.1---introduction-to-program-defined-user-defined-types.html
0155,Chapter13,Chapter 13,Compound Types: Enums and Structs,13.2,Unscoped enumerations,https://www.learncpp.com/cpp-tutorial/unscoped-enumerations/,unscoped-enumerations,0155---13.2---unscoped-enumerations.html
0156,Chapter13,Chapter 13,Compound Types: Enums and Structs,13.3,Unscoped enumerator integral conversions,https://www.learncpp.com/cpp-tutorial/unscoped-enumerator-integral-conversions/,unscoped-enumerator-integral-conversions,0156---13.3---unscoped-enumerator-integral-conversions.html
0157,Chapter13,Chapter 13,Compound Types: Enums and Structs,13.4,Converting an enumeration to and from a string,https://www.learncpp.com/cpp-tutorial/converting-an-enumeration-to-and-from-a-string/,converting-an-enumeration-to-and-from-a-string,0157---13.4---converting-an-enumeration-to-and-from-a-string.html
0158,Chapter13,Chapter 13,Compound Types: Enums and Structs,13.5,Introduction to overloading the I-O operators,https://www.learncpp.com/cpp-tutorial/introduction-to-overloading-the-i-o-operators/,introduction-to-overloading-the-i-o-operators,0158---13.5---introduction-to-overloading-the-i-o-operators.html
0159,Chapter13,Chapter 13,Compound Types: Enums and Structs,13.6,Scoped enumerations (enum classes),https://www.learncpp.com/cpp-tutorial/scoped-enumerations-enum-classes/,scoped-enumerations-enum-classes,0159---13.6---scoped-enumerations-enum-classes.html
0160,Chapter13,Chapter 13,Compound Types: Enums and Structs,13.7,"Introduction to structs, members, and member selection",https://www.learncpp.com/cpp-tutorial/introduction-to-structs-members-and-member-selection/,introduction-to-structs-members-and-member-selection,0160---13.7---introduction-to-structs-members-and-member-selection.html
0161,Chapter13,Chapter 13,Compound Types: Enums and Structs,13.8,Struct aggregate initialization,https://www.learncpp.com/cpp-tutorial/struct-aggregate-initialization/,struct-aggregate-initialization,0161---13.8---struct-aggregate-initialization.html
0162,Chapter13,Chapter 13,Compound Types: Enums and Structs,13.9,Default member initialization,https://www.learncpp.com/cpp-tutorial/default-member-initialization/,default-member-initialization,0162---13.9---default-member-initialization.html
0163,Chapter13,Chapter 13,Compound Types: Enums and Structs,13.10,Passing and returning structs,https://www.learncpp.com/cpp-tutorial/passing-and-returning-structs/,passing-and-returning-structs,0163---13.10---passing-and-returning-structs.html
0164,Chapter13,Chapter 13,Compound Types: Enums and Structs,13.11,Struct miscellany,https://www.learncpp.com/cpp-tutorial/struct-miscellany/,struct-miscellany,0164---13.11---struct-miscellany.html
0165,Chapter13,Chapter 13,Compound Types: Enums and Structs,13.12,Member selection with pointers and references,https://www.learncpp.com/cpp-tutorial/member-selection-with-pointers-and-references/,member-selection-with-pointers-and-references,0165---13.12---member-selection-with-pointers-and-references.html
0166,Chapter13,Chapter 13,Compound Types: Enums and Structs,13.13,Class templates,https://www.learncpp.com/cpp-tutorial/class-templates/,class-templates,0166---13.13---class-templates.html
0167,Chapter13,Chapter 13,Compound Types: Enums and Structs,13.14,Class template argument deduction (CTAD) and deduction guides,https://www.learncpp.com/cpp-tutorial/class-template-argument-deduction-ctad-and-deduction-guides/,class-template-argument-deduction-ctad-and-deduction-guides,0167---13.14---class-template-argument-deduction-ctad-and-deduction-guides.html
0168,Chapter13,Chapter 13,Compound Types: Enums and Structs,13.15,Alias templates,https://www.learncpp.com/cpp-tutorial/alias-templates/,alias-templates,0168---13.15---alias-templates.html
0169,Chapter13,Chapter 13,Compound Types: Enums and Structs,13.x,Chapter 13 summary and quiz,https://www.learncpp.com/cpp-tutorial/chapter-13-summary-and-quiz/,chapter-13-summary-and-quiz,0169---13.x---chapter-13-summary-and-quiz.html
0170,Chapter13,Chapter 13,Compound Types: Enums and Structs,13.y,Using a language reference,https://www.learncpp.com/cpp-tutorial/using-a-language-reference/,using-a-language-reference,0170---13.y---using-a-language-reference.html
0171,Chapter14,Chapter 14,Introduction to Classes,14.1,Introduction to object-oriented programming,https://www.learncpp.com/cpp-tutorial/introduction-to-object-oriented-programming/,introduction-to-object-oriented-programming,0171---14.1---introduction-to-object-oriented-programming.html
0172,Chapter14,Chapter 14,Introduction to Classes,14.2,Introduction to classes,https://www.learncpp.com/cpp-tutorial/introduction-to-classes/,introduction-to-classes,0172---14.2---introduction-to-classes.html
0173,Chapter14,Chapter 14,Introduction to Classes,14.3,Member functions,https://www.learncpp.com/cpp-tutorial/member-functions/,member-functions,0173---14.3---member-functions.html
0174,Chapter14,Chapter 14,Introduction to Classes,14.4,Const class objects and const member functions,https://www.learncpp.com/cpp-tutorial/const-class-objects-and-const-member-functions/,const-class-objects-and-const-member-functions,0174---14.4---const-class-objects-and-const-member-functions.html
0175,Chapter14,Chapter 14,Introduction to Classes,14.5,Public and private members and access specifiers,https://www.learncpp.com/cpp-tutorial/public-and-private-members-and-access-specifiers/,public-and-private-members-and-access-specifiers,0175---14.5---public-and-private-members-and-access-specifiers.html
0176,Chapter14,Chapter 14,Introduction to Classes,14.6,Access functions,https://www.learncpp.com/cpp-tutorial/access-functions/,access-functions,0176---14.6---access-functions.html
0177,Chapter14,Chapter 14,Introduction to Classes,14.7,Member functions returning references to data members,https://www.learncpp.com/cpp-tutorial/member-functions-returning-references-to-data-members/,member-functions-returning-references-to-data-members,0177---14.7---member-functions-returning-references-to-data-members.html
0178,Chapter14,Chapter 14,Introduction to Classes,14.8,The benefits of data hiding (encapsulation),https://www.learncpp.com/cpp-tutorial/the-benefits-of-data-hiding-encapsulation/,the-benefits-of-data-hiding-encapsulation,0178---14.8---the-benefits-of-data-hiding-encapsulation.html
0179,Chapter14,Chapter 14,Introduction to Classes,14.9,Introduction to constructors,https://www.learncpp.com/cpp-tutorial/introduction-to-constructors/,introduction-to-constructors,0179---14.9---introduction-to-constructors.html
0180,Chapter14,Chapter 14,Introduction to Classes,14.10,Constructor member initializer lists,https://www.learncpp.com/cpp-tutorial/constructor-member-initializer-lists/,constructor-member-initializer-lists,0180---14.10---constructor-member-initializer-lists.html
0181,Chapter14,Chapter 14,Introduction to Classes,14.11,Default constructors and default arguments,https://www.learncpp.com/cpp-tutorial/default-constructors-and-default-arguments/,default-constructors-and-default-arguments,0181---14.11---default-constructors-and-default-arguments.html
0182,Chapter14,Chapter 14,Introduction to Classes,14.12,Delegating constructors,https://www.learncpp.com/cpp-tutorial/delegating-constructors/,delegating-constructors,0182---14.12---delegating-constructors.html
0183,Chapter14,Chapter 14,Introduction to Classes,14.13,Temporary class objects,https://www.learncpp.com/cpp-tutorial/temporary-class-objects/,temporary-class-objects,0183---14.13---temporary-class-objects.html
0184,Chapter14,Chapter 14,Introduction to Classes,14.14,Introduction to the copy constructor,https://www.learncpp.com/cpp-tutorial/introduction-to-the-copy-constructor/,introduction-to-the-copy-constructor,0184---14.14---introduction-to-the-copy-constructor.html
0185,Chapter14,Chapter 14,Introduction to Classes,14.15,Class initialization and copy elision,https://www.learncpp.com/cpp-tutorial/class-initialization-and-copy-elision/,class-initialization-and-copy-elision,0185---14.15---class-initialization-and-copy-elision.html
0186,Chapter14,Chapter 14,Introduction to Classes,14.16,Converting constructors and the explicit keyword,https://www.learncpp.com/cpp-tutorial/converting-constructors-and-the-explicit-keyword/,converting-constructors-and-the-explicit-keyword,0186---14.16---converting-constructors-and-the-explicit-keyword.html
0187,Chapter14,Chapter 14,Introduction to Classes,14.17,Constexpr aggregates and classes,https://www.learncpp.com/cpp-tutorial/constexpr-aggregates-and-classes/,constexpr-aggregates-and-classes,0187---14.17---constexpr-aggregates-and-classes.html
0188,Chapter14,Chapter 14,Introduction to Classes,14.x,Chapter 14 summary and quiz,https://www.learncpp.com/cpp-tutorial/chapter-14-summary-and-quiz/,chapter-14-summary-and-quiz,0188---14.x---chapter-14-summary-and-quiz.html
0189,Chapter15,Chapter 15,More on Classes,15.1,The hidden “this” pointer and member function chaining,https://www.learncpp.com/cpp-tutorial/the-hidden-this-pointer-and-member-function-chaining/,the-hidden-this-pointer-and-member-function-chaining,0189---15.1---the-hidden-this-pointer-and-member-function-chaining.html
0190,Chapter15,Chapter 15,More on Classes,15.2,Classes and header files,https://www.learncpp.com/cpp-tutorial/classes-and-header-files/,classes-and-header-files,0190---15.2---classes-and-header-files.html
0191,Chapter15,Chapter 15,More on Classes,15.3,Nested types (member types),https://www.learncpp.com/cpp-tutorial/nested-types-member-types/,nested-types-member-types,0191---15.3---nested-types-member-types.html
0192,Chapter15,Chapter 15,More on Classes,15.4,Introduction to destructors,https://www.learncpp.com/cpp-tutorial/introduction-to-destructors/,introduction-to-destructors,0192---15.4---introduction-to-destructors.html
0193,Chapter15,Chapter 15,More on Classes,15.5,Class templates with member functions,https://www.learncpp.com/cpp-tutorial/class-templates-with-member-functions/,class-templates-with-member-functions,0193---15.5---class-templates-with-member-functions.html
0194,Chapter15,Chapter 15,More on Classes,15.6,Static member variables,https://www.learncpp.com/cpp-tutorial/static-member-variables/,static-member-variables,0194---15.6---static-member-variables.html
0195,Chapter15,Chapter 15,More on Classes,15.7,Static member functions,https://www.learncpp.com/cpp-tutorial/static-member-functions/,static-member-functions,0195---15.7---static-member-functions.html
0196,Chapter15,Chapter 15,More on Classes,15.8,Friend non-member functions,https://www.learncpp.com/cpp-tutorial/friend-non-member-functions/,friend-non-member-functions,0196---15.8---friend-non-member-functions.html
0197,Chapter15,Chapter 15,More on Classes,15.9,Friend classes and friend member functions,https://www.learncpp.com/cpp-tutorial/friend-classes-and-friend-member-functions/,friend-classes-and-friend-member-functions,0197---15.9---friend-classes-and-friend-member-functions.html
0198,Chapter15,Chapter 15,More on Classes,15.10,Ref qualifiers,https://www.learncpp.com/cpp-tutorial/ref-qualifiers/,ref-qualifiers,0198---15.10---ref-qualifiers.html
0199,Chapter15,Chapter 15,More on Classes,15.x,Chapter 15 summary and quiz,https://www.learncpp.com/cpp-tutorial/chapter-15-summary-and-quiz/,chapter-15-summary-and-quiz,0199---15.x---chapter-15-summary-and-quiz.html
0200,Chapter16,Chapter 16,Dynamic arrays: std::vector,16.1,Introduction to containers and arrays,https://www.learncpp.com/cpp-tutorial/introduction-to-containers-and-arrays/,introduction-to-containers-and-arrays,0200---16.1---introduction-to-containers-and-arrays.html
0201,Chapter16,Chapter 16,Dynamic arrays: std::vector,16.2,Introduction to std::vector and list constructors,https://www.learncpp.com/cpp-tutorial/introduction-to-stdvector-and-list-constructors/,introduction-to-stdvector-and-list-constructors,0201---16.2---introduction-to-std-vector-and-list-constructors.html
0202,Chapter16,Chapter 16,Dynamic arrays: std::vector,16.3,std::vector and the unsigned length and subscript problem,https://www.learncpp.com/cpp-tutorial/stdvector-and-the-unsigned-length-and-subscript-problem/,stdvector-and-the-unsigned-length-and-subscript-problem,0202---16.3---std-vector-and-the-unsigned-length-and-subscript-problem.html
0203,Chapter16,Chapter 16,Dynamic arrays: std::vector,16.4,Passing std::vector,https://www.learncpp.com/cpp-tutorial/passing-stdvector/,passing-stdvector,0203---16.4---passing-std-vector.html
0204,Chapter16,Chapter 16,Dynamic arrays: std::vector,16.5,"Returning std::vector, and an introduction to move semantics",https://www.learncpp.com/cpp-tutorial/returning-stdvector-and-an-introduction-to-move-semantics/,returning-stdvector-and-an-introduction-to-move-semantics,0204---16.5---returning-std-vector-and-an-introduction-to-move-semantics.html
0205,Chapter16,Chapter 16,Dynamic arrays: std::vector,16.6,Arrays and loops,https://www.learncpp.com/cpp-tutorial/arrays-and-loops/,arrays-and-loops,0205---16.6---arrays-and-loops.html
0206,Chapter16,Chapter 16,Dynamic arrays: std::vector,16.7,"Arrays, loops, and sign challenge solutions",https://www.learncpp.com/cpp-tutorial/arrays-loops-and-sign-challenge-solutions/,arrays-loops-and-sign-challenge-solutions,0206---16.7---arrays-loops-and-sign-challenge-solutions.html
0207,Chapter16,Chapter 16,Dynamic arrays: std::vector,16.8,Range-based for loops (for-each),https://www.learncpp.com/cpp-tutorial/range-based-for-loops-for-each/,range-based-for-loops-for-each,0207---16.8---range-based-for-loops-for-each.html
0208,Chapter16,Chapter 16,Dynamic arrays: std::vector,16.9,Array indexing and length using enumerators,https://www.learncpp.com/cpp-tutorial/array-indexing-and-length-using-enumerators/,array-indexing-and-length-using-enumerators,0208---16.9---array-indexing-and-length-using-enumerators.html
0209,Chapter16,Chapter 16,Dynamic arrays: std::vector,16.10,std::vector resizing and capacity,https://www.learncpp.com/cpp-tutorial/stdvector-resizing-and-capacity/,stdvector-resizing-and-capacity,0209---16.10---std-vector-resizing-and-capacity.html
0210,Chapter16,Chapter 16,Dynamic arrays: std::vector,16.11,std::vector and stack behavior,https://www.learncpp.com/cpp-tutorial/stdvector-and-stack-behavior/,stdvector-and-stack-behavior,0210---16.11---std-vector-and-stack-behavior.html
0211,Chapter16,Chapter 16,Dynamic arrays: std::vector,16.12,std::vector<bool>,https://www.learncpp.com/cpp-tutorial/stdvector-bool/,stdvector-bool,0211---16.12---std-vector-bool.html
0212,Chapter16,Chapter 16,Dynamic arrays: std::vector,16.x,Chapter 16 summary and quiz,https://www.learncpp.com/cpp-tutorial/chapter-16-summary-and-quiz/,chapter-16-summary-and-quiz,0212---16.x---chapter-16-summary-and-quiz.html
0213,Chapter17,Chapter 17,Fixed-size arrays: std::array and C-style arrays,17.1,Introduction to std::array,https://www.learncpp.com/cpp-tutorial/introduction-to-stdarray/,introduction-to-stdarray,0213---17.1---introduction-to-std-array.html
0214,Chapter17,Chapter 17,Fixed-size arrays: std::array and C-style arrays,17.2,std::array length and indexing,https://www.learncpp.com/cpp-tutorial/stdarray-length-and-indexing/,stdarray-length-and-indexing,0214---17.2---std-array-length-and-indexing.html
0215,Chapter17,Chapter 17,Fixed-size arrays: std::array and C-style arrays,17.3,Passing and returning std::array,https://www.learncpp.com/cpp-tutorial/passing-and-returning-stdarray/,passing-and-returning-stdarray,0215---17.3---passing-and-returning-std-array.html
0216,Chapter17,Chapter 17,Fixed-size arrays: std::array and C-style arrays,17.4,"std::array of class types, and brace elision",https://www.learncpp.com/cpp-tutorial/stdarray-of-class-types-and-brace-elision/,stdarray-of-class-types-and-brace-elision,0216---17.4---std-array-of-class-types-and-brace-elision.html
0217,Chapter17,Chapter 17,Fixed-size arrays: std::array and C-style arrays,17.5,Arrays of references via std::reference_wrapper,https://www.learncpp.com/cpp-tutorial/arrays-of-references-via-stdreference_wrapper/,arrays-of-references-via-stdreference_wrapper,0217---17.5---arrays-of-references-via-std-reference-wrapper.html
0218,Chapter17,Chapter 17,Fixed-size arrays: std::array and C-style arrays,17.6,std::array and enumerations,https://www.learncpp.com/cpp-tutorial/stdarray-and-enumerations/,stdarray-and-enumerations,0218---17.6---std-array-and-enumerations.html
0219,Chapter17,Chapter 17,Fixed-size arrays: std::array and C-style arrays,17.7,Introduction to C-style arrays,https://www.learncpp.com/cpp-tutorial/introduction-to-c-style-arrays/,introduction-to-c-style-arrays,0219---17.7---introduction-to-c-style-arrays.html
0220,Chapter17,Chapter 17,Fixed-size arrays: std::array and C-style arrays,17.8,C-style array decay,https://www.learncpp.com/cpp-tutorial/c-style-array-decay/,c-style-array-decay,0220---17.8---c-style-array-decay.html
0221,Chapter17,Chapter 17,Fixed-size arrays: std::array and C-style arrays,17.9,Pointer arithmetic and subscripting,https://www.learncpp.com/cpp-tutorial/pointer-arithmetic-and-subscripting/,pointer-arithmetic-and-subscripting,0221---17.9---pointer-arithmetic-and-subscripting.html
0222,Chapter17,Chapter 17,Fixed-size arrays: std::array and C-style arrays,17.10,C-style strings,https://www.learncpp.com/cpp-tutorial/c-style-strings/,c-style-strings,0222---17.10---c-style-strings.html
0223,Chapter17,Chapter 17,Fixed-size arrays: std::array and C-style arrays,17.11,C-style string symbolic constants,https://www.learncpp.com/cpp-tutorial/c-style-string-symbolic-constants/,c-style-string-symbolic-constants,0223---17.11---c-style-string-symbolic-constants.html
0224,Chapter17,Chapter 17,Fixed-size arrays: std::array and C-style arrays,17.12,Multidimensional C-style Arrays,https://www.learncpp.com/cpp-tutorial/multidimensional-c-style-arrays/,multidimensional-c-style-arrays,0224---17.12---multidimensional-c-style-arrays.html
0225,Chapter17,Chapter 17,Fixed-size arrays: std::array and C-style arrays,17.13,Multidimensional std::array,https://www.learncpp.com/cpp-tutorial/multidimensional-stdarray/,multidimensional-stdarray,0225---17.13---multidimensional-std-array.html
0226,Chapter17,Chapter 17,Fixed-size arrays: std::array and C-style arrays,17.x,Chapter 17 summary and quiz,https://www.learncpp.com/cpp-tutorial/chapter-17-summary-and-quiz/,chapter-17-summary-and-quiz,0226---17.x---chapter-17-summary-and-quiz.html
0227,Chapter18,Chapter 18,Iterators and Algorithms (under construction),18.1,Sorting an array using selection sort,https://www.learncpp.com/cpp-tutorial/sorting-an-array-using-selection-sort/,sorting-an-array-using-selection-sort,0227---18.1---sorting-an-array-using-selection-sort.html
0228,Chapter18,Chapter 18,Iterators and Algorithms (under construction),18.2,Introduction to iterators,https://www.learncpp.com/cpp-tutorial/introduction-to-iterators/,introduction-to-iterators,0228---18.2---introduction-to-iterators.html
0229,Chapter18,Chapter 18,Iterators and Algorithms (under construction),18.3,Introduction to standard library algorithms,https://www.learncpp.com/cpp-tutorial/introduction-to-standard-library-algorithms/,introduction-to-standard-library-algorithms,0229---18.3---introduction-to-standard-library-algorithms.html
0230,Chapter18,Chapter 18,Iterators and Algorithms (under construction),18.4,Timing your code,https://www.learncpp.com/cpp-tutorial/timing-your-code/,timing-your-code,0230---18.4---timing-your-code.html
0231,Chapter19,Chapter 19,Dynamic Allocation (under construction),19.1,Dynamic memory allocation with new and delete,https://www.learncpp.com/cpp-tutorial/dynamic-memory-allocation-with-new-and-delete/,dynamic-memory-allocation-with-new-and-delete,0231---19.1---dynamic-memory-allocation-with-new-and-delete.html
0232,Chapter19,Chapter 19,Dynamic Allocation (under construction),19.2,Dynamically allocating arrays,https://www.learncpp.com/cpp-tutorial/dynamically-allocating-arrays/,dynamically-allocating-arrays,0232---19.2---dynamically-allocating-arrays.html
0233,Chapter19,Chapter 19,Dynamic Allocation (under construction),19.3,Destructors,https://www.learncpp.com/cpp-tutorial/destructors/,destructors,0233---19.3---destructors.html
0234,Chapter19,Chapter 19,Dynamic Allocation (under construction),19.4,Pointers to pointers and dynamic multidimensional arrays,https://www.learncpp.com/cpp-tutorial/pointers-to-pointers/,pointers-to-pointers,0234---19.4---pointers-to-pointers-and-dynamic-multidimensional-arrays.html
0235,Chapter19,Chapter 19,Dynamic Allocation (under construction),19.5,Void pointers,https://www.learncpp.com/cpp-tutorial/void-pointers/,void-pointers,0235---19.5---void-pointers.html
0236,Chapter20,Chapter 20,Functions,20.1,Function Pointers,https://www.learncpp.com/cpp-tutorial/function-pointers/,function-pointers,0236---20.1---function-pointers.html
0237,Chapter20,Chapter 20,Functions,20.2,The stack and the heap,https://www.learncpp.com/cpp-tutorial/the-stack-and-the-heap/,the-stack-and-the-heap,0237---20.2---the-stack-and-the-heap.html
0238,Chapter20,Chapter 20,Functions,20.3,Recursion,https://www.learncpp.com/cpp-tutorial/recursion/,recursion,0238---20.3---recursion.html
0239,Chapter20,Chapter 20,Functions,20.4,Command line arguments,https://www.learncpp.com/cpp-tutorial/command-line-arguments/,command-line-arguments,0239---20.4---command-line-arguments.html
0240,Chapter20,Chapter 20,Functions,20.5,Ellipsis (and why to avoid them),https://www.learncpp.com/cpp-tutorial/ellipsis-and-why-to-avoid-them/,ellipsis-and-why-to-avoid-them,0240---20.5---ellipsis-and-why-to-avoid-them.html
0241,Chapter20,Chapter 20,Functions,20.6,Introduction to lambdas (anonymous functions),https://www.learncpp.com/cpp-tutorial/introduction-to-lambdas-anonymous-functions/,introduction-to-lambdas-anonymous-functions,0241---20.6---introduction-to-lambdas-anonymous-functions.html
0242,Chapter20,Chapter 20,Functions,20.7,Lambda captures,https://www.learncpp.com/cpp-tutorial/lambda-captures/,lambda-captures,0242---20.7---lambda-captures.html
0243,Chapter20,Chapter 20,Functions,20.x,Chapter 20 summary and quiz,https://www.learncpp.com/cpp-tutorial/chapter-20-summary-and-quiz/,chapter-20-summary-and-quiz,0243---20.x---chapter-20-summary-and-quiz.html
0244,Chapter21,Chapter 21,Operator Overloading,21.1,Introduction to operator overloading,https://www.learncpp.com/cpp-tutorial/introduction-to-operator-overloading/,introduction-to-operator-overloading,0244---21.1---introduction-to-operator-overloading.html
0245,Chapter21,Chapter 21,Operator Overloading,21.2,Overloading the arithmetic operators using friend functions,https://www.learncpp.com/cpp-tutorial/overloading-the-arithmetic-operators-using-friend-functions/,overloading-the-arithmetic-operators-using-friend-functions,0245---21.2---overloading-the-arithmetic-operators-using-friend-functions.html
0246,Chapter21,Chapter 21,Operator Overloading,21.3,Overloading operators using normal functions,https://www.learncpp.com/cpp-tutorial/overloading-operators-using-normal-functions/,overloading-operators-using-normal-functions,0246---21.3---overloading-operators-using-normal-functions.html
0247,Chapter21,Chapter 21,Operator Overloading,21.4,Overloading the I-O operators,https://www.learncpp.com/cpp-tutorial/overloading-the-io-operators/,overloading-the-io-operators,0247---21.4---overloading-the-i-o-operators.html
0248,Chapter21,Chapter 21,Operator Overloading,21.5,Overloading operators using member functions,https://www.learncpp.com/cpp-tutorial/overloading-operators-using-member-functions/,overloading-operators-using-member-functions,0248---21.5---overloading-operators-using-member-functions.html
0249,Chapter21,Chapter 21,Operator Overloading,21.6,"Overloading unary operators +, -, and !",https://www.learncpp.com/cpp-tutorial/overloading-unary-operators/,overloading-unary-operators,0249---21.6---overloading-unary-operators-and.html
0250,Chapter21,Chapter 21,Operator Overloading,21.7,Overloading the comparison operators,https://www.learncpp.com/cpp-tutorial/overloading-the-comparison-operators/,overloading-the-comparison-operators,0250---21.7---overloading-the-comparison-operators.html
0251,Chapter21,Chapter 21,Operator Overloading,21.8,Overloading the increment and decrement operators,https://www.learncpp.com/cpp-tutorial/overloading-the-increment-and-decrement-operators/,overloading-the-increment-and-decrement-operators,0251---21.8---overloading-the-increment-and-decrement-operators.html
0252,Chapter21,Chapter 21,Operator Overloading,21.9,Overloading the subscript operator,https://www.learncpp.com/cpp-tutorial/overloading-the-subscript-operator/,overloading-the-subscript-operator,0252---21.9---overloading-the-subscript-operator.html
0253,Chapter21,Chapter 21,Operator Overloading,21.10,Overloading the parenthesis operator,https://www.learncpp.com/cpp-tutorial/overloading-the-parenthesis-operator/,overloading-the-parenthesis-operator,0253---21.10---overloading-the-parenthesis-operator.html
0254,Chapter21,Chapter 21,Operator Overloading,21.11,Overloading typecasts,https://www.learncpp.com/cpp-tutorial/overloading-typecasts/,overloading-typecasts,0254---21.11---overloading-typecasts.html
0255,Chapter21,Chapter 21,Operator Overloading,21.12,Overloading the assignment operator,https://www.learncpp.com/cpp-tutorial/overloading-the-assignment-operator/,overloading-the-assignment-operator,0255---21.12---overloading-the-assignment-operator.html
0256,Chapter21,Chapter 21,Operator Overloading,21.13,Shallow vs. deep copying,https://www.learncpp.com/cpp-tutorial/shallow-vs-deep-copying/,shallow-vs-deep-copying,0256---21.13---shallow-vs-deep-copying.html
0257,Chapter21,Chapter 21,Operator Overloading,21.14,Overloading operators and function templates,https://www.learncpp.com/cpp-tutorial/overloading-operators-and-function-templates/,overloading-operators-and-function-templates,0257---21.14---overloading-operators-and-function-templates.html
0258,Chapter21,Chapter 21,Operator Overloading,21.x,Chapter 21 summary and quiz,https://www.learncpp.com/cpp-tutorial/chapter-21-summary-and-quiz/,chapter-21-summary-and-quiz,0258---21.x---chapter-21-summary-and-quiz.html
0259,Chapter21,Chapter 21,Operator Overloading,21.y,Chapter 21 project,https://www.learncpp.com/cpp-tutorial/chapter-21-project/,chapter-21-project,0259---21.y---chapter-21-project.html
0260,Chapter22,Chapter 22,Move Semantics and Smart Pointers,22.1,Introduction to smart pointers and move semantics,https://www.learncpp.com/cpp-tutorial/introduction-to-smart-pointers-move-semantics/,introduction-to-smart-pointers-move-semantics,0260---22.1---introduction-to-smart-pointers-and-move-semantics.html
0261,Chapter22,Chapter 22,Move Semantics and Smart Pointers,22.2,R-value references,https://www.learncpp.com/cpp-tutorial/rvalue-references/,rvalue-references,0261---22.2---r-value-references.html
0262,Chapter22,Chapter 22,Move Semantics and Smart Pointers,22.3,Move constructors and move assignment,https://www.learncpp.com/cpp-tutorial/move-constructors-and-move-assignment/,move-constructors-and-move-assignment,0262---22.3---move-constructors-and-move-assignment.html
0263,Chapter22,Chapter 22,Move Semantics and Smart Pointers,22.4,std::move,https://www.learncpp.com/cpp-tutorial/stdmove/,stdmove,0263---22.4---std-move.html
0264,Chapter22,Chapter 22,Move Semantics and Smart Pointers,22.5,std::unique_ptr,https://www.learncpp.com/cpp-tutorial/stdunique_ptr/,stdunique_ptr,0264---22.5---std-unique-ptr.html
0265,Chapter22,Chapter 22,Move Semantics and Smart Pointers,22.6,std::shared_ptr,https://www.learncpp.com/cpp-tutorial/stdshared_ptr/,stdshared_ptr,0265---22.6---std-shared-ptr.html
0266,Chapter22,Chapter 22,Move Semantics and Smart Pointers,22.7,"Circular dependency issues with std::shared_ptr, and std::weak_ptr",https://www.learncpp.com/cpp-tutorial/circular-dependency-issues-with-stdshared_ptr-and-stdweak_ptr/,circular-dependency-issues-with-stdshared_ptr-and-stdweak_ptr,0266---22.7---circular-dependency-issues-with-std-shared-ptr-and-std-weak-ptr.html
0267,Chapter22,Chapter 22,Move Semantics and Smart Pointers,22.x,Chapter 22 summary and quiz,https://www.learncpp.com/cpp-tutorial/chapter-22-summary-and-quiz/,chapter-22-summary-and-quiz,0267---22.x---chapter-22-summary-and-quiz.html
0268,Chapter23,Chapter 23,Object Relationships,23.1,Object relationships,https://www.learncpp.com/cpp-tutorial/object-relationships/,object-relationships,0268---23.1---object-relationships.html
0269,Chapter23,Chapter 23,Object Relationships,23.2,Composition,https://www.learncpp.com/cpp-tutorial/composition/,composition,0269---23.2---composition.html
0270,Chapter23,Chapter 23,Object Relationships,23.3,Aggregation,https://www.learncpp.com/cpp-tutorial/aggregation/,aggregation,0270---23.3---aggregation.html
0271,Chapter23,Chapter 23,Object Relationships,23.4,Association,https://www.learncpp.com/cpp-tutorial/association/,association,0271---23.4---association.html
0272,Chapter23,Chapter 23,Object Relationships,23.5,Dependencies,https://www.learncpp.com/cpp-tutorial/dependencies/,dependencies,0272---23.5---dependencies.html
0273,Chapter23,Chapter 23,Object Relationships,23.6,Container classes,https://www.learncpp.com/cpp-tutorial/container-classes/,container-classes,0273---23.6---container-classes.html
0274,Chapter23,Chapter 23,Object Relationships,23.7,std::initializer_list,https://www.learncpp.com/cpp-tutorial/stdinitializer_list/,stdinitializer_list,0274---23.7---std-initializer-list.html
0275,Chapter23,Chapter 23,Object Relationships,23.x,Chapter 23 summary and quiz,https://www.learncpp.com/cpp-tutorial/chapter-23-summary-and-quiz/,chapter-23-summary-and-quiz,0275---23.x---chapter-23-summary-and-quiz.html
0276,Chapter24,Chapter 24,Inheritance,24.1,Introduction to inheritance,https://www.learncpp.com/cpp-tutorial/introduction-to-inheritance/,introduction-to-inheritance,0276---24.1---introduction-to-inheritance.html
0277,Chapter24,Chapter 24,Inheritance,24.2,Basic inheritance in C++,https://www.learncpp.com/cpp-tutorial/basic-inheritance-in-c/,basic-inheritance-in-c,0277---24.2---basic-inheritance-in-c.html
0278,Chapter24,Chapter 24,Inheritance,24.3,Order of construction of derived classes,https://www.learncpp.com/cpp-tutorial/order-of-construction-of-derived-classes/,order-of-construction-of-derived-classes,0278---24.3---order-of-construction-of-derived-classes.html
0279,Chapter24,Chapter 24,Inheritance,24.4,Constructors and initialization of derived classes,https://www.learncpp.com/cpp-tutorial/constructors-and-initialization-of-derived-classes/,constructors-and-initialization-of-derived-classes,0279---24.4---constructors-and-initialization-of-derived-classes.html
0280,Chapter24,Chapter 24,Inheritance,24.5,Inheritance and access specifiers,https://www.learncpp.com/cpp-tutorial/inheritance-and-access-specifiers/,inheritance-and-access-specifiers,0280---24.5---inheritance-and-access-specifiers.html
0281,Chapter24,Chapter 24,Inheritance,24.6,Adding new functionality to a derived class,https://www.learncpp.com/cpp-tutorial/adding-new-functionality-to-a-derived-class/,adding-new-functionality-to-a-derived-class,0281---24.6---adding-new-functionality-to-a-derived-class.html
0282,Chapter24,Chapter 24,Inheritance,24.7,Calling inherited functions and overriding behavior,https://www.learncpp.com/cpp-tutorial/calling-inherited-functions-and-overriding-behavior/,calling-inherited-functions-and-overriding-behavior,0282---24.7---calling-inherited-functions-and-overriding-behavior.html
0283,Chapter24,Chapter 24,Inheritance,24.8,Hiding inherited functionality,https://www.learncpp.com/cpp-tutorial/hiding-inherited-functionality/,hiding-inherited-functionality,0283---24.8---hiding-inherited-functionality.html
0284,Chapter24,Chapter 24,Inheritance,24.9,Multiple inheritance,https://www.learncpp.com/cpp-tutorial/multiple-inheritance/,multiple-inheritance,0284---24.9---multiple-inheritance.html
0285,Chapter24,Chapter 24,Inheritance,24.x,Chapter 24 summary and quiz,https://www.learncpp.com/cpp-tutorial/chapter-24-summary-and-quiz/,chapter-24-summary-and-quiz,0285---24.x---chapter-24-summary-and-quiz.html
0286,Chapter25,Chapter 25,Virtual Functions,25.1,Pointers and references to the base class of derived objects,https://www.learncpp.com/cpp-tutorial/pointers-and-references-to-the-base-class-of-derived-objects/,pointers-and-references-to-the-base-class-of-derived-objects,0286---25.1---pointers-and-references-to-the-base-class-of-derived-objects.html
0287,Chapter25,Chapter 25,Virtual Functions,25.2,Virtual functions and polymorphism,https://www.learncpp.com/cpp-tutorial/virtual-functions/,virtual-functions,0287---25.2---virtual-functions-and-polymorphism.html
0288,Chapter25,Chapter 25,Virtual Functions,25.3,"The override and final specifiers, and covariant return types",https://www.learncpp.com/cpp-tutorial/the-override-and-final-specifiers-and-covariant-return-types/,the-override-and-final-specifiers-and-covariant-return-types,0288---25.3---the-override-and-final-specifiers-and-covariant-return-types.html
0289,Chapter25,Chapter 25,Virtual Functions,25.4,"Virtual destructors, virtual assignment, and overriding virtualization",https://www.learncpp.com/cpp-tutorial/virtual-destructors-virtual-assignment-and-overriding-virtualization/,virtual-destructors-virtual-assignment-and-overriding-virtualization,0289---25.4---virtual-destructors-virtual-assignment-and-overriding-virtualization.html
0290,Chapter25,Chapter 25,Virtual Functions,25.5,Early binding and late binding,https://www.learncpp.com/cpp-tutorial/early-binding-and-late-binding/,early-binding-and-late-binding,0290---25.5---early-binding-and-late-binding.html
0291,Chapter25,Chapter 25,Virtual Functions,25.6,The virtual table,https://www.learncpp.com/cpp-tutorial/the-virtual-table/,the-virtual-table,0291---25.6---the-virtual-table.html
0292,Chapter25,Chapter 25,Virtual Functions,25.7,"Pure virtual functions, abstract base classes, and interface classes",https://www.learncpp.com/cpp-tutorial/pure-virtual-functions-abstract-base-classes-and-interface-classes/,pure-virtual-functions-abstract-base-classes-and-interface-classes,0292---25.7---pure-virtual-functions-abstract-base-classes-and-interface-classes.html
0293,Chapter25,Chapter 25,Virtual Functions,25.8,Virtual base classes,https://www.learncpp.com/cpp-tutorial/virtual-base-classes/,virtual-base-classes,0293---25.8---virtual-base-classes.html
0294,Chapter25,Chapter 25,Virtual Functions,25.9,Object slicing,https://www.learncpp.com/cpp-tutorial/object-slicing/,object-slicing,0294---25.9---object-slicing.html
0295,Chapter25,Chapter 25,Virtual Functions,25.10,Dynamic casting,https://www.learncpp.com/cpp-tutorial/dynamic-casting/,dynamic-casting,0295---25.10---dynamic-casting.html
0296,Chapter25,Chapter 25,Virtual Functions,25.11,Printing inherited classes using operator<<,https://www.learncpp.com/cpp-tutorial/printing-inherited-classes-using-operator/,printing-inherited-classes-using-operator,0296---25.11---printing-inherited-classes-using-operator.html
0297,Chapter25,Chapter 25,Virtual Functions,25.x,Chapter 25 summary and quiz,https://www.learncpp.com/cpp-tutorial/chapter-25-summary-and-quiz/,chapter-25-summary-and-quiz,0297---25.x---chapter-25-summary-and-quiz.html
0298,Chapter26,Chapter 26,Templates and Classes,26.1,Template classes,https://www.learncpp.com/cpp-tutorial/template-classes/,template-classes,0298---26.1---template-classes.html
0299,Chapter26,Chapter 26,Templates and Classes,26.2,Template non-type parameters,https://www.learncpp.com/cpp-tutorial/template-non-type-parameters/,template-non-type-parameters,0299---26.2---template-non-type-parameters.html
0300,Chapter26,Chapter 26,Templates and Classes,26.3,Function template specialization,https://www.learncpp.com/cpp-tutorial/function-template-specialization/,function-template-specialization,0300---26.3---function-template-specialization.html
0301,Chapter26,Chapter 26,Templates and Classes,26.4,Class template specialization,https://www.learncpp.com/cpp-tutorial/class-template-specialization/,class-template-specialization,0301---26.4---class-template-specialization.html
0302,Chapter26,Chapter 26,Templates and Classes,26.5,Partial template specialization,https://www.learncpp.com/cpp-tutorial/partial-template-specialization/,partial-template-specialization,0302---26.5---partial-template-specialization.html
0303,Chapter26,Chapter 26,Templates and Classes,26.6,Partial template specialization for pointers,https://www.learncpp.com/cpp-tutorial/partial-template-specialization-for-pointers/,partial-template-specialization-for-pointers,0303---26.6---partial-template-specialization-for-pointers.html
0304,Chapter26,Chapter 26,Templates and Classes,26.x,Chapter 26 summary and quiz,https://www.learncpp.com/cpp-tutorial/chapter-26-summary-and-quiz/,chapter-26-summary-and-quiz,0304---26.x---chapter-26-summary-and-quiz.html
0305,Chapter27,Chapter 27,Exceptions,27.1,The need for exceptions,https://www.learncpp.com/cpp-tutorial/the-need-for-exceptions/,the-need-for-exceptions,0305---27.1---the-need-for-exceptions.html
0306,Chapter27,Chapter 27,Exceptions,27.2,Basic exception handling,https://www.learncpp.com/cpp-tutorial/basic-exception-handling/,basic-exception-handling,0306---27.2---basic-exception-handling.html
0307,Chapter27,Chapter 27,Exceptions,27.3,"Exceptions, functions, and stack unwinding",https://www.learncpp.com/cpp-tutorial/exceptions-functions-and-stack-unwinding/,exceptions-functions-and-stack-unwinding,0307---27.3---exceptions-functions-and-stack-unwinding.html
0308,Chapter27,Chapter 27,Exceptions,27.4,Uncaught exceptions and catch-all handlers,https://www.learncpp.com/cpp-tutorial/uncaught-exceptions-catch-all-handlers/,uncaught-exceptions-catch-all-handlers,0308---27.4---uncaught-exceptions-and-catch-all-handlers.html
0309,Chapter27,Chapter 27,Exceptions,27.5,"Exceptions, classes, and inheritance",https://www.learncpp.com/cpp-tutorial/exceptions-classes-and-inheritance/,exceptions-classes-and-inheritance,0309---27.5---exceptions-classes-and-inheritance.html
0310,Chapter27,Chapter 27,Exceptions,27.6,Rethrowing exceptions,https://www.learncpp.com/cpp-tutorial/rethrowing-exceptions/,rethrowing-exceptions,0310---27.6---rethrowing-exceptions.html
0311,Chapter27,Chapter 27,Exceptions,27.7,Function try blocks,https://www.learncpp.com/cpp-tutorial/function-try-blocks/,function-try-blocks,0311---27.7---function-try-blocks.html
0312,Chapter27,Chapter 27,Exceptions,27.8,Exception dangers and downsides,https://www.learncpp.com/cpp-tutorial/exception-dangers-and-downsides/,exception-dangers-and-downsides,0312---27.8---exception-dangers-and-downsides.html
0313,Chapter27,Chapter 27,Exceptions,27.9,Exception specifications and noexcept,https://www.learncpp.com/cpp-tutorial/exception-specifications-and-noexcept/,exception-specifications-and-noexcept,0313---27.9---exception-specifications-and-noexcept.html
0314,Chapter27,Chapter 27,Exceptions,27.10,std::move_if_noexcept,https://www.learncpp.com/cpp-tutorial/stdmove_if_noexcept/,stdmove_if_noexcept,0314---27.10---std-move-if-noexcept.html
0315,Chapter27,Chapter 27,Exceptions,27.x,Chapter 27 summary and quiz,https://www.learncpp.com/cpp-tutorial/chapter-27-summary-and-quiz/,chapter-27-summary-and-quiz,0315---27.x---chapter-27-summary-and-quiz.html
0316,Chapter28,Chapter 28,Input and Output (I/O),28.1,Input and output (I-O) streams,https://www.learncpp.com/cpp-tutorial/input-and-output-io-streams/,input-and-output-io-streams,0316---28.1---input-and-output-i-o-streams.html
0317,Chapter28,Chapter 28,Input and Output (I/O),28.2,Input with istream,https://www.learncpp.com/cpp-tutorial/input-with-istream/,input-with-istream,0317---28.2---input-with-istream.html
0318,Chapter28,Chapter 28,Input and Output (I/O),28.3,Output with ostream and ios,https://www.learncpp.com/cpp-tutorial/output-with-ostream-and-ios/,output-with-ostream-and-ios,0318---28.3---output-with-ostream-and-ios.html
0319,Chapter28,Chapter 28,Input and Output (I/O),28.4,Stream classes for strings,https://www.learncpp.com/cpp-tutorial/stream-classes-for-strings/,stream-classes-for-strings,0319---28.4---stream-classes-for-strings.html
0320,Chapter28,Chapter 28,Input and Output (I/O),28.5,Stream states and input validation,https://www.learncpp.com/cpp-tutorial/stream-states-and-input-validation/,stream-states-and-input-validation,0320---28.5---stream-states-and-input-validation.html
0321,Chapter28,Chapter 28,Input and Output (I/O),28.6,Basic file I-O,https://www.learncpp.com/cpp-tutorial/basic-file-io/,basic-file-io,0321---28.6---basic-file-i-o.html
0322,Chapter28,Chapter 28,Input and Output (I/O),28.7,Random file I-O,https://www.learncpp.com/cpp-tutorial/random-file-io/,random-file-io,0322---28.7---random-file-i-o.html
0323,ChapterA,Appendix A,Miscellaneous Subjects,A.1,Static and dynamic libraries,https://www.learncpp.com/cpp-tutorial/a1-static-and-dynamic-libraries/,a1-static-and-dynamic-libraries,0323---A.1---static-and-dynamic-libraries.html
0324,ChapterA,Appendix A,Miscellaneous Subjects,A.2,Using libraries with Visual Studio,https://www.learncpp.com/cpp-tutorial/a2-using-libraries-with-visual-studio-2005-express/,a2-using-libraries-with-visual-studio-2005-express,0324---A.2---using-libraries-with-visual-studio.html
0325,ChapterA,Appendix A,Miscellaneous Subjects,A.3,Using libraries with Code::Blocks,https://www.learncpp.com/cpp-tutorial/a3-using-libraries-with-codeblocks/,a3-using-libraries-with-codeblocks,0325---A.3---using-libraries-with-code-blocks.html
0326,ChapterA,Appendix A,Miscellaneous Subjects,A.4,C++ FAQ,https://www.learncpp.com/cpp-tutorial/cpp-faq/,cpp-faq,0326---A.4---c-faq.html
0327,ChapterB,Appendix B,C++ Updates,B.1,Introduction to C++11,https://www.learncpp.com/cpp-tutorial/introduction-to-c11/,introduction-to-c11,0327---B.1---introduction-to-c-11.html
0328,ChapterB,Appendix B,C++ Updates,B.2,Introduction to C++14,https://www.learncpp.com/cpp-tutorial/introduction-to-c14/,introduction-to-c14,0328---B.2---introduction-to-c-14.html
0329,ChapterB,Appendix B,C++ Updates,B.3,Introduction to C++17,https://www.learncpp.com/cpp-tutorial/introduction-to-c17/,introduction-to-c17,0329---B.3---introduction-to-c-17.html
0330,ChapterB,Appendix B,C++ Updates,B.4,Introduction to C++20,https://www.learncpp.com/cpp-tutorial/introduction-to-c20/,introduction-to-c20,0330---B.4---introduction-to-c-20.html
0331,ChapterB,Appendix B,C++ Updates,B.5,Introduction to C++23,https://www.learncpp.com/cpp-tutorial/introduction-to-c23/,introduction-to-c23,0331---B.5---introduction-to-c-23.html
0332,ChapterC,Appendix C,The End,C.1,The end?,https://www.learncpp.com/cpp-tutorial/appendix-c-the-end/,appendix-c-the-end,0332---C.1---the-end.html
